Window,Coefficient,P-Value,R-squared,N
1,0.014254296378615087,0.051964302140156175,0.06940761474632307,55
2,0.007042438717339882,0.5601097300796793,0.006445748499150028,55
5,0.00159448241611505,0.9326714644568087,0.00013593848657167396,55
10,-0.07360166713509657,0.08315396165117382,0.055574690065030796,55
30,0.05058229762730333,0.23742583917584384,0.026234877367868115,55
